ticker,cik,name,country,exchange,sector,industry,source_workbook,source_sheet,source_row,source_note,resolution_status
AAL,0000006201,American,,Nasdaq,Industrials,Passenger Airlines,1.  WB - MASTER - 2026.05.23.xlsx,COLLECT,372,extracted from workbook company-like table,resolved
AAPL,0000320193,Apple,,Nasdaq,Information Tech.,"Technology Hardware, Storage & Peripherals",1.  WB - MASTER - 2026.05.23.xlsx,COLLECT,274,extracted from workbook company-like table,resolved
ABBV,0001551152,AbbVie Inc.,,NYSE,Health Care,HC Equipment & Supplies,1.  WB - MASTER - 2026.05.23.xlsx,COLLECT,344,extracted from workbook company-like table,resolved
ABEV3,,AMBEV S/A,,,Cons. Staples,Beverages,1.  WB - MASTER - 2026.05.23.xlsx,COLLECT,384,extracted from workbook company-like table,unresolved
ABNB,0001559720,AirBnB Class A,,Nasdaq,Cons. Discretionary,"Hotel, Restaurants & Leisure",1.  WB - MASTER - 2026.05.23.xlsx,COLLECT,324,extracted from workbook company-like table,resolved
ABT,0000001800,Abbott Laboratories,,NYSE,Health Care,HC Equipment & Supplies,1.  WB - MASTER - 2026.05.23.xlsx,COLLECT,346,extracted from workbook company-like table,resolved
AC,,Arca Continental,,,Cons. Staples,Beverages,1.  WB - MASTER - 2026.05.23.xlsx,COLLECT,409,extracted from workbook company-like table,unresolved
ACM,0000868857,Aecom,,NYSE,Industrials,Construction & Engineering,1.  WB - MASTER - 2026.05.23.xlsx,COLLECT,364,extracted from workbook company-like table,resolved
ACN,0001467373,Accenture,,NYSE,Information Tech.,IT Services,1.  WB - MASTER - 2026.05.23.xlsx,COLLECT,281,extracted from workbook company-like table,resolved
ADBE,0000796343,Adobe,,Nasdaq,Information Tech.,Software,1.  WB - MASTER - 2026.05.23.xlsx,COLLECT,278,extracted from workbook company-like table,resolved
ADM,0000007084,Archer Daniels Midland,,NYSE,Cons. Staples,Food Products,1.  WB - MASTER - 2026.05.23.xlsx,COLLECT,340,extracted from workbook company-like table,resolved
AEP,0000004904,American Electric Power,,Nasdaq,Utilities,Electric Utilities,1.  WB - MASTER - 2026.05.23.xlsx,COLLECT,358,extracted from workbook company-like table,resolved
AGHOL,,Anadolu Grubu Holding,,,Industrials,Industrial Conglomerates,1.  WB - MASTER - 2026.05.23.xlsx,COLLECT,461,extracted from workbook company-like table,unresolved
AIR.SE,,Airbus,,,Industrials,Aerospace & Defense,1.  WB - MASTER - 2026.05.23.xlsx,COLLECT,359,extracted from workbook company-like table,unresolved
ALCC,,Alcon Inc.,,,Health care,Health Care Equipment & Supplies,1.  WB - MASTER - 2026.05.23.xlsx,COLLECT,454,extracted from workbook company-like table,unresolved
ALEP,,ALLEGRO.eu SA,,,Cons. Discretionary,Broadline Retail,1.  WB - MASTER - 2026.05.23.xlsx,COLLECT,431,extracted from workbook company-like table,unresolved
ALI,,Ayala Land,,,Real Estate,Real Estate Management & Development,1.  WB - MASTER - 2026.05.23.xlsx,COLLECT,608,extracted from workbook company-like table,unresolved
ALVG,,Allianz SE,,,Financials,Multi-line Insurance,1.  WB - MASTER - 2026.05.23.xlsx,COLLECT,417,extracted from workbook company-like table,unresolved
AMD,0000002488,Advanced Micro Devices,,Nasdaq,Information Tech.,Semiconductors & Eqpt,1.  WB - MASTER - 2026.05.23.xlsx,COLLECT,280,extracted from workbook company-like table,resolved
AMGN,0000318154,Amgen,,Nasdaq,Health Care,Biotechnology,1.  WB - MASTER - 2026.05.23.xlsx,COLLECT,350,extracted from workbook company-like table,resolved
AMRT,,Sumber Alfaria,,,Cons. Staples,Food & Staples Retailing,1.  WB - MASTER - 2026.05.23.xlsx,COLLECT,567,extracted from workbook company-like table,unresolved
AMT,0001053507,American Tower Corp.,,NYSE,Real Estate,Specialized REITs,1.  WB - MASTER - 2026.05.23.xlsx,COLLECT,245,extracted from workbook company-like table,resolved
AMXB,,America Movil,,,Comm Services,Diversified Telecommunication Services,1.  WB - MASTER - 2026.05.23.xlsx,COLLECT,400,extracted from workbook company-like table,unresolved
AMZN,0001018724,Amazon,,Nasdaq,Cons. Discretionary,Broadline Retail,1.  WB - MASTER - 2026.05.23.xlsx,COLLECT,317,extracted from workbook company-like table,resolved
ANZ,,ANZ Group Holdings Ltd.,,,Financials,Banks,1.  WB - MASTER - 2026.05.23.xlsx,COLLECT,482,extracted from workbook company-like table,unresolved
APD,0000002969,Air Products & Chemicals,,NYSE,Materials,Chemicals,1.  WB - MASTER - 2026.05.23.xlsx,COLLECT,293,extracted from workbook company-like table,resolved
ARCLK,,Arcelik,,,Cons. Discretionary,Household Durables,1.  WB - MASTER - 2026.05.23.xlsx,COLLECT,462,extracted from workbook company-like table,unresolved
ASII,0001464865,Astra International,,OTC,Industrials,Industrial Conglomerates,1.  WB - MASTER - 2026.05.23.xlsx,COLLECT,562,extracted from workbook company-like table,resolved
ASURB,,Grupo Aeroportuario del Sureste,,,Industrials,Transportation Infrastructure,1.  WB - MASTER - 2026.05.23.xlsx,COLLECT,408,extracted from workbook company-like table,unresolved
AUD.100KG,,Wool,,,Cons. Discretionary,"Textiles, Apparel & Luxury",1.  WB - MASTER - 2026.05.23.xlsx,COLLECT,186,extracted from workbook company-like table,unresolved
AVGO,0001730168,Broadcom,,Nasdaq,Information Tech.,Semiconductors & Eqpt,1.  WB - MASTER - 2026.05.23.xlsx,COLLECT,276,extracted from workbook company-like table,resolved
AZN,0000901832,AstraZeneca,,NYSE,Health care,Pharmaceuticals,1.  WB - MASTER - 2026.05.23.xlsx,COLLECT,466,extracted from workbook company-like table,resolved
BA,0000012927,Boeing,,NYSE,Industrials,Aerospace & Defense,1.  WB - MASTER - 2026.05.23.xlsx,COLLECT,304,extracted from workbook company-like table,resolved
BAC,0000070858,Bank of America,,NYSE,Financials,Banks,1.  WB - MASTER - 2026.05.23.xlsx,COLLECT,263,extracted from workbook company-like table,resolved
BAES,,BAE Systems,,,Industrials,Aerospace & Defense,1.  WB - MASTER - 2026.05.23.xlsx,COLLECT,472,extracted from workbook company-like table,unresolved
BANPU,,Banpu,,,Energy,"Oil, Gas & Consumable Fuels",1.  WB - MASTER - 2026.05.23.xlsx,COLLECT,669,extracted from workbook company-like table,unresolved
BASFN,,BASF SE,,,Materials,Diversified Chemicals,1.  WB - MASTER - 2026.05.23.xlsx,COLLECT,422,extracted from workbook company-like table,unresolved
BATS,,British American Tobacco,,,Cons. Staples,Tobacco,1.  WB - MASTER - 2026.05.23.xlsx,COLLECT,471,extracted from workbook company-like table,unresolved
BAYGN,,Bayer AG,,,Health care,Pharmaceuticals,1.  WB - MASTER - 2026.05.23.xlsx,COLLECT,420,extracted from workbook company-like table,unresolved
BBAS3,,Banco do Brasil,,,Financials,Banks,1.  WB - MASTER - 2026.05.23.xlsx,COLLECT,388,extracted from workbook company-like table,unresolved
BBCA,,Bank Central Asia,,,Financials,Banks,1.  WB - MASTER - 2026.05.23.xlsx,COLLECT,558,extracted from workbook company-like table,unresolved
BBDC3,,Banco Bradesco,,,Financials,Banks,1.  WB - MASTER - 2026.05.23.xlsx,COLLECT,385,extracted from workbook company-like table,unresolved
BBL,,Bangkok Bank,,,Financials,Banks,1.  WB - MASTER - 2026.05.23.xlsx,COLLECT,671,extracted from workbook company-like table,unresolved
BBNI,,Bank Negara,,,Financials,Banks,1.  WB - MASTER - 2026.05.23.xlsx,COLLECT,561,extracted from workbook company-like table,unresolved
BBRI,,Bank Rakyat Indo,,,Financials,Banks,1.  WB - MASTER - 2026.05.23.xlsx,COLLECT,559,extracted from workbook company-like table,unresolved
BDO,,"BDO Unibank, Inc.",,,Financials,Banks,1.  WB - MASTER - 2026.05.23.xlsx,COLLECT,610,extracted from workbook company-like table,unresolved
BHP,0000811809,BHP Group,,NYSE,Materials,Metals & Mining,1.  WB - MASTER - 2026.05.23.xlsx,COLLECT,484,extracted from workbook company-like table,resolved
BIMBOA,,Grupo Bimbo,,,Cons. Staples,Food Products,1.  WB - MASTER - 2026.05.23.xlsx,COLLECT,406,extracted from workbook company-like table,unresolved
BKNG,0001075531,Booking Holdings Inc.,,Nasdaq,Cons. Discretionary,"Hotel, Restaurants & Leisure",1.  WB - MASTER - 2026.05.23.xlsx,COLLECT,323,extracted from workbook company-like table,resolved
BKR,0001701605,Baker Hughes,,Nasdaq,Energy,Energy Equipment & Services,1.  WB - MASTER - 2026.05.23.xlsx,COLLECT,259,extracted from workbook company-like table,resolved
BLK,0002012383,BlackRock Inc.,,NYSE,Financials,Capital Markets,1.  WB - MASTER - 2026.05.23.xlsx,COLLECT,270,extracted from workbook company-like table,resolved
BMO,0000927971,Bank of Montreal,,NYSE,Financials,Banks,1.  WB - MASTER - 2026.05.23.xlsx,COLLECT,392,extracted from workbook company-like table,resolved
BMRI,,Bank Mandiri,,,Financials,Banks,1.  WB - MASTER - 2026.05.23.xlsx,COLLECT,560,extracted from workbook company-like table,unresolved
BNS,0000009631,Bank of Nova Scotia,,NYSE,Financials,Banks,1.  WB - MASTER - 2026.05.23.xlsx,COLLECT,393,extracted from workbook company-like table,resolved
BPI,,Bank of the Philippine Islands,,,Financials,Banks,1.  WB - MASTER - 2026.05.23.xlsx,COLLECT,611,extracted from workbook company-like table,unresolved
BRK.B,0001067983,Berkshire Hathaway,,NYSE,Financials,Financial Services,1.  WB - MASTER - 2026.05.23.xlsx,COLLECT,261,extracted from workbook company-like table,resolved
BRKM3,,Braskem PNA,,,Materials,Chemicals,1.  WB - MASTER - 2026.05.23.xlsx,COLLECT,389,extracted from workbook company-like table,unresolved
BRL.15KG,,Beef,,,Cons. Staples,Food Products,1.  WB - MASTER - 2026.05.23.xlsx,COLLECT,213,extracted from workbook company-like table,unresolved
BRL.KG,,Poultry,,,Cons. Staples,Food Products,1.  WB - MASTER - 2026.05.23.xlsx,COLLECT,214,extracted from workbook company-like table,unresolved
BVH,,BaoViet Holdings,,,Financials,Insurance,1.  WB - MASTER - 2026.05.23.xlsx,COLLECT,687,extracted from workbook company-like table,unresolved
BX,0001393818,Blackstone,,NYSE,Financials,Capital Markets,1.  WB - MASTER - 2026.05.23.xlsx,COLLECT,269,extracted from workbook company-like table,resolved
BYAN,,Bayan Resources,,,Energy,"Oil, Gas & Consumable Fuels",1.  WB - MASTER - 2026.05.23.xlsx,COLLECT,563,extracted from workbook company-like table,unresolved
C,0000831001,Citigroup,,NYSE,Financials,Banks,1.  WB - MASTER - 2026.05.23.xlsx,COLLECT,265,extracted from workbook company-like table,resolved
CAD.T,,Canola,,,Cons. Staples,Food Products,1.  WB - MASTER - 2026.05.23.xlsx,COLLECT,184,extracted from workbook company-like table,unresolved
CAT,0000018230,Caterpillar,,NYSE,Industrials,Machinery,1.  WB - MASTER - 2026.05.23.xlsx,COLLECT,302,extracted from workbook company-like table,resolved
CBA,,Commonwealth Bank Australia,,,Financials,Banks,1.  WB - MASTER - 2026.05.23.xlsx,COLLECT,480,extracted from workbook company-like table,unresolved
CBKG,,Commerzbank AG,,,Financials,Banks,1.  WB - MASTER - 2026.05.23.xlsx,COLLECT,424,extracted from workbook company-like table,unresolved
CCI,0001051470,Crown Castle Int’l Corp.,,NYSE,Real Estate,Specialized REITs,1.  WB - MASTER - 2026.05.23.xlsx,COLLECT,247,extracted from workbook company-like table,resolved
CDR,,CD Projekt SA,,,Comm Services,Entertainment,1.  WB - MASTER - 2026.05.23.xlsx,COLLECT,433,extracted from workbook company-like table,unresolved
CELC,0001603454,CelcomDigi Bhd,,Nasdaq,Comm Services,Wireless,1.  WB - MASTER - 2026.05.23.xlsx,COLLECT,600,extracted from workbook company-like table,resolved
CEMEXCPO,,Cemex,,,Materials,Construction Materials,1.  WB - MASTER - 2026.05.23.xlsx,COLLECT,401,extracted from workbook company-like table,unresolved
CFR,0000039263,Richemont SA,,NYSE,Cons. Discretionary,"Textiles, Apparel & Luxury",1.  WB - MASTER - 2026.05.23.xlsx,COLLECT,448,extracted from workbook company-like table,resolved
CHMF,,Severstal,,,Materials,Metals & Mining,1.  WB - MASTER - 2026.05.23.xlsx,COLLECT,435,extracted from workbook company-like table,unresolved
CHTR,0001091667,Charter Communications A,,Nasdaq,Comm Services,Media,1.  WB - MASTER - 2026.05.23.xlsx,COLLECT,238,extracted from workbook company-like table,resolved
CIMB,,CIMB Holding,,,Financials,Banks,1.  WB - MASTER - 2026.05.23.xlsx,COLLECT,596,extracted from workbook company-like table,unresolved
CL,0000021665,Colgate-Palmolive Co.,,NYSE,Cons. Staples,Household Products,1.  WB - MASTER - 2026.05.23.xlsx,COLLECT,329,extracted from workbook company-like table,resolved
CMCSA,0001166691,Comcast Corp A.,,Nasdaq,Comm Services,Media,1.  WB - MASTER - 2026.05.23.xlsx,COLLECT,237,extracted from workbook company-like table,resolved
CME,0001156375,CME Group,,Nasdaq,Financials,Capital Markets,1.  WB - MASTER - 2026.05.23.xlsx,COLLECT,271,extracted from workbook company-like table,resolved
CNQ,0001017413,Canadian Natural Resources,,NYSE,Energy,"Oil, Gas & Consumable Fuels",1.  WB - MASTER - 2026.05.23.xlsx,COLLECT,395,extracted from workbook company-like table,resolved
CNR,0001710366,Canadian National Railway,,NYSE,Industrials,Ground Transportation,1.  WB - MASTER - 2026.05.23.xlsx,COLLECT,394,extracted from workbook company-like table,resolved
CNY.KG,,Titanium,,,Materials,Metals & Mining,1.  WB - MASTER - 2026.05.23.xlsx,COLLECT,170,extracted from workbook company-like table,unresolved
CNY.T,,Lithium,,,Materials,Metals & Mining,1.  WB - MASTER - 2026.05.23.xlsx,COLLECT,164,extracted from workbook company-like table,unresolved
CNY.TON,,Steel,,,Materials,Metals & Mining,1.  WB - MASTER - 2026.05.23.xlsx,COLLECT,163,extracted from workbook company-like table,unresolved
COP,0001163165,ConocoPhillips,,NYSE,Energy,"Oil, Gas & Consumable Fuels",1.  WB - MASTER - 2026.05.23.xlsx,COLLECT,255,extracted from workbook company-like table,resolved
COST,0000909832,Costco Wholesale,,Nasdaq,Cons. Staples,Cons. Staples Distr. & Retail,1.  WB - MASTER - 2026.05.23.xlsx,COLLECT,330,extracted from workbook company-like table,resolved
CPALL,,CP Public Co.,,,Cons. Staples,Food & Staples Retailing,1.  WB - MASTER - 2026.05.23.xlsx,COLLECT,660,extracted from workbook company-like table,unresolved
CPF,0000701347,Charoen Pokphand Foods,,NYSE,Cons. Staples,Food Products,1.  WB - MASTER - 2026.05.23.xlsx,COLLECT,662,extracted from workbook company-like table,resolved
CRC,0001609253,Central Retail,,NYSE,Cons. Discretionary,Broadline Retail,1.  WB - MASTER - 2026.05.23.xlsx,COLLECT,670,extracted from workbook company-like table,resolved
CRM,0001108524,"Salesforce, Inc.",,NYSE,Information Tech.,Software,1.  WB - MASTER - 2026.05.23.xlsx,COLLECT,279,extracted from workbook company-like table,resolved
CSCO,0000858877,Cisco Systems,,Nasdaq,Information Tech.,IT Services,1.  WB - MASTER - 2026.05.23.xlsx,COLLECT,282,extracted from workbook company-like table,resolved
CSX,0000277948,CSX Corporation,,Nasdaq,Industrials,Ground Transportation,1.  WB - MASTER - 2026.05.23.xlsx,COLLECT,301,extracted from workbook company-like table,resolved
CTDM,,City Developments Ltd.,,,Real Estate,Real Estate Development,1.  WB - MASTER - 2026.05.23.xlsx,COLLECT,629,extracted from workbook company-like table,unresolved
CTG,,Vietjnam Joint Stock Comm. Bank,,,Financials,Banks,1.  WB - MASTER - 2026.05.23.xlsx,COLLECT,675,extracted from workbook company-like table,unresolved
CVE,0001475260,Cenovus Energy,,NYSE,Energy,"Oil, Gas & Consumable Fuels",1.  WB - MASTER - 2026.05.23.xlsx,COLLECT,398,extracted from workbook company-like table,resolved
CVX,0000093410,Chevron,,NYSE,Energy,"Oil, Gas & Consumable Fuels",1.  WB - MASTER - 2026.05.23.xlsx,COLLECT,254,extracted from workbook company-like table,resolved
D,0000715957,Dominion Energy,,NYSE,Utilities,Electric Utilities,1.  WB - MASTER - 2026.05.23.xlsx,COLLECT,355,extracted from workbook company-like table,resolved
DAL,0000027904,Delta,,NYSE,Industrials,Passenger Airlines,1.  WB - MASTER - 2026.05.23.xlsx,COLLECT,373,extracted from workbook company-like table,resolved
DBKGN,,Deutsche Bank AG,,,Financials,Banks,1.  WB - MASTER - 2026.05.23.xlsx,COLLECT,423,extracted from workbook company-like table,unresolved
DBSM,,DBS Holdings,,,Financials,Banks,1.  WB - MASTER - 2026.05.23.xlsx,COLLECT,616,extracted from workbook company-like table,unresolved
DD,0001666700,DuPont de Nemours Inc.,,NYSE,Materials,Chemicals,1.  WB - MASTER - 2026.05.23.xlsx,COLLECT,285,extracted from workbook company-like table,resolved
DE,0000315189,Deere & Co.,,NYSE,Industrials,Machinery,1.  WB - MASTER - 2026.05.23.xlsx,COLLECT,303,extracted from workbook company-like table,resolved
DFIR,,Dfi Retail Group Hlds,,,Cons. Staples,Food & Staples Retailing,1.  WB - MASTER - 2026.05.23.xlsx,COLLECT,630,extracted from workbook company-like table,unresolved
DGE,,Diageo plc,,,Cons. Staples,Beverages,1.  WB - MASTER - 2026.05.23.xlsx,COLLECT,469,extracted from workbook company-like table,unresolved
DHR,0000313616,Danaher Corp..,,NYSE,Health Care,HC Equipment & Supplies,1.  WB - MASTER - 2026.05.23.xlsx,COLLECT,351,extracted from workbook company-like table,resolved
DIS,0001744489,Walt Disney Co.,,NYSE,Comm Services,Media,1.  WB - MASTER - 2026.05.23.xlsx,COLLECT,241,extracted from workbook company-like table,resolved
DNP,0000806628,Dino Polska SA,,NYSE,Cons. Staples,Cons. Staples Distr. & Retail,1.  WB - MASTER - 2026.05.23.xlsx,COLLECT,429,extracted from workbook company-like table,resolved
DOW,0001751788,Dow Inc.,,NYSE,Materials,Chemicals,1.  WB - MASTER - 2026.05.23.xlsx,COLLECT,286,extracted from workbook company-like table,resolved
DTEGN,,Deutsche Telekom AG,,,Comm Services,Telecom Services,1.  WB - MASTER - 2026.05.23.xlsx,COLLECT,418,extracted from workbook company-like table,unresolved
DUK,0001326160,Duke Energy,,NYSE,Utilities,Electric Utilities,1.  WB - MASTER - 2026.05.23.xlsx,COLLECT,354,extracted from workbook company-like table,resolved
EA,0000712515,Electronic Arts,,Nasdaq,Comm Services,Entertainment,1.  WB - MASTER - 2026.05.23.xlsx,COLLECT,239,extracted from workbook company-like table,resolved
ECL,0000031462,Ecolab,,NYSE,Materials,Chemicals,1.  WB - MASTER - 2026.05.23.xlsx,COLLECT,290,extracted from workbook company-like table,resolved
ENB,0000895728,Enbridge,,NYSE,Energy,"Oil, Gas & Consumable Fuels",1.  WB - MASTER - 2026.05.23.xlsx,COLLECT,396,extracted from workbook company-like table,resolved
EOG,0000821189,EOG Resources,,NYSE,Energy,"Oil, Gas & Consumable Fuels",1.  WB - MASTER - 2026.05.23.xlsx,COLLECT,256,extracted from workbook company-like table,resolved
EQIX,0001101239,"Equinix, Inc.",,Nasdaq,Real Estate,Specialized REITs,1.  WB - MASTER - 2026.05.23.xlsx,COLLECT,249,extracted from workbook company-like table,resolved
EREGL,,Eregli Demir Celik,,,Materials,Metals & Mining,1.  WB - MASTER - 2026.05.23.xlsx,COLLECT,463,extracted from workbook company-like table,unresolved
ETN,0001551182,Eaton Corp.,,NYSE,Industrials,Electrical Equipment,1.  WB - MASTER - 2026.05.23.xlsx,COLLECT,314,extracted from workbook company-like table,resolved
EUR.100KG,,Potatoes,,,Cons. Staples,Food Products,1.  WB - MASTER - 2026.05.23.xlsx,COLLECT,195,extracted from workbook company-like table,unresolved
EUR.MWH,,TTF Gas,,,Energy,--,1.  WB - MASTER - 2026.05.23.xlsx,COLLECT,150,extracted from workbook company-like table,unresolved
EUR.T,,Rapeseed,,,Cons. Staples,Food Products,1.  WB - MASTER - 2026.05.23.xlsx,COLLECT,193,extracted from workbook company-like table,unresolved
FCX,0000831259,Freeport-McMoRan Inc.,,NYSE,Materials,Metals & Mining,1.  WB - MASTER - 2026.05.23.xlsx,COLLECT,294,extracted from workbook company-like table,resolved
FDX,0001048911,Federal Express,,NYSE,Industrials,Air Freight & Logistics,1.  WB - MASTER - 2026.05.23.xlsx,COLLECT,299,extracted from workbook company-like table,resolved
FEMSAUBD,,Fomento Economico Mexicano SAB,,,Cons. Staples,Beverages,1.  WB - MASTER - 2026.05.23.xlsx,COLLECT,403,extracted from workbook company-like table,unresolved
FLR,0001124198,Fluor Corporation,,NYSE,Industrials,Construction & Engineering,1.  WB - MASTER - 2026.05.23.xlsx,COLLECT,361,extracted from workbook company-like table,resolved
FPT,,FPT Corp.,,,Information Tech.,IT Services,1.  WB - MASTER - 2026.05.23.xlsx,COLLECT,697,extracted from workbook company-like table,unresolved
GAPB,,Grupo Aeroportuario del Pacifico,,,Industrials,Transportation Infrastructure,1.  WB - MASTER - 2026.05.23.xlsx,COLLECT,407,extracted from workbook company-like table,unresolved
GAS,,Petrovietnam Gas JSC,,,Energy,"Oil, Gas & Consumable Fuels",1.  WB - MASTER - 2026.05.23.xlsx,COLLECT,691,extracted from workbook company-like table,unresolved
GAZP,,Gazprom,,,Energy,"Oil, Gas & Consumable Fuels",1.  WB - MASTER - 2026.05.23.xlsx,COLLECT,439,extracted from workbook company-like table,unresolved
GBP.THM,,UK Gas,,,Energy,--,1.  WB - MASTER - 2026.05.23.xlsx,COLLECT,151,extracted from workbook company-like table,unresolved
GD,0000040533,General Dynamics,,NYSE,Industrials,Aerospace & Defense,1.  WB - MASTER - 2026.05.23.xlsx,COLLECT,311,extracted from workbook company-like table,resolved
GE,0000040545,General Electric,,NYSE,Industrials,Aerospace & Defense,1.  WB - MASTER - 2026.05.23.xlsx,COLLECT,305,extracted from workbook company-like table,resolved
GEX,,Gelex,,,Industrials,Electrical Equipment,1.  WB - MASTER - 2026.05.23.xlsx,COLLECT,695,extracted from workbook company-like table,unresolved
GFINBURO,,Grupo Financiero Banorte O,,,Financials,Banks,1.  WB - MASTER - 2026.05.23.xlsx,COLLECT,402,extracted from workbook company-like table,unresolved
GGBR3,,Gerdau,,,Materials,Metals & Mining,1.  WB - MASTER - 2026.05.23.xlsx,COLLECT,386,extracted from workbook company-like table,unresolved
GLEN,,Glencore Xtrata PLC,,,Materials,Metals & Mining,1.  WB - MASTER - 2026.05.23.xlsx,COLLECT,360,extracted from workbook company-like table,unresolved
GMEXICOB,,Grupo Mexico SAB de CV B,,,Materials,Metal & Mining,1.  WB - MASTER - 2026.05.23.xlsx,COLLECT,405,extracted from workbook company-like table,unresolved
GMKN,,Norilskiy Nikel,,,Materials,Metals & Mining,1.  WB - MASTER - 2026.05.23.xlsx,COLLECT,438,extracted from workbook company-like table,unresolved
GOOG,0001652044,Alphabet C,,Nasdaq,Comm Services,Interactive Media & Services,1.  WB - MASTER - 2026.05.23.xlsx,COLLECT,234,extracted from workbook company-like table,resolved
GOOGL,0001652044,Alphabet A,,Nasdaq,Comm Services,Interactive Media & Services,1.  WB - MASTER - 2026.05.23.xlsx,COLLECT,233,extracted from workbook company-like table,resolved
GSK,0001131399,GlaxoSmithKline,,NYSE,Health care,Pharmaceuticals,1.  WB - MASTER - 2026.05.23.xlsx,COLLECT,470,extracted from workbook company-like table,resolved
GVR,,Vietnam Rubber,,,Materials,Paper & Forest Products,1.  WB - MASTER - 2026.05.23.xlsx,COLLECT,694,extracted from workbook company-like table,unresolved
HAL,0000045012,Halliburton,,NYSE,Energy,Energy Equipment & Services,1.  WB - MASTER - 2026.05.23.xlsx,COLLECT,258,extracted from workbook company-like table,resolved
HD,0000354950,Home Depot,,NYSE,Cons. Discretionary,Specialty Retail,1.  WB - MASTER - 2026.05.23.xlsx,COLLECT,319,extracted from workbook company-like table,resolved
HDB,0001144967,HCMC Development JS Comm. Bank,,NYSE,Financials,Banks,1.  WB - MASTER - 2026.05.23.xlsx,COLLECT,682,extracted from workbook company-like table,resolved
HDBK,,HDFC Bank,,,Financials,Banks,1.  WB - MASTER - 2026.05.23.xlsx,COLLECT,546,extracted from workbook company-like table,unresolved
HLBB,,Hong Leong Bank BHD,,,Financials,Banks,1.  WB - MASTER - 2026.05.23.xlsx,COLLECT,597,extracted from workbook company-like table,unresolved
HON,0000773840,Honeywell,,Nasdaq,Industrials,Industrial Conglomerates,1.  WB - MASTER - 2026.05.23.xlsx,COLLECT,306,extracted from workbook company-like table,resolved
HPG,,Hoa Phat Group,,,Materials,Metals & Mining,1.  WB - MASTER - 2026.05.23.xlsx,COLLECT,693,extracted from workbook company-like table,unresolved
HPHT,,Hutchison Port,,,Industrials,Transportation Infrastructure,1.  WB - MASTER - 2026.05.23.xlsx,COLLECT,631,extracted from workbook company-like table,unresolved
HVN,,Golden MV Holdings,,,Real Estate,Real Estate Management & Development,1.  WB - MASTER - 2026.05.23.xlsx,COLLECT,612,extracted from workbook company-like table,unresolved
ICBK,,ICICI Bank,,,Financials,Banks,1.  WB - MASTER - 2026.05.23.xlsx,COLLECT,547,extracted from workbook company-like table,unresolved
ICBP,,Indofood Cbp,,,Cons. Staples,Food Products,1.  WB - MASTER - 2026.05.23.xlsx,COLLECT,566,extracted from workbook company-like table,unresolved
ICE,0001571949,Intercontinental Exchange,,NYSE,Financials,Capital Markets,1.  WB - MASTER - 2026.05.23.xlsx,COLLECT,272,extracted from workbook company-like table,resolved
ICT,,International Container Terminals,,,Industrials,Transportation Infrastructure,1.  WB - MASTER - 2026.05.23.xlsx,COLLECT,614,extracted from workbook company-like table,unresolved
IFXGN,,Infineon Technologies AG,,,Information Tech.,Semiconductors & Eqpt,1.  WB - MASTER - 2026.05.23.xlsx,COLLECT,421,extracted from workbook company-like table,unresolved
INFY,0001067491,Infosys,,NYSE,Information Tech.,IT Services,1.  WB - MASTER - 2026.05.23.xlsx,COLLECT,554,extracted from workbook company-like table,resolved
INR.KG,,Tea,,,Cons. Staples,Food Products,1.  WB - MASTER - 2026.05.23.xlsx,COLLECT,189,extracted from workbook company-like table,unresolved
INTC,0000050863,Intel Corp.,,Nasdaq,Information Tech.,Semiconductors & Eqpt,1.  WB - MASTER - 2026.05.23.xlsx,COLLECT,283,extracted from workbook company-like table,resolved
ISMEN,,IS Y. Men. Deg,,,Financials,Banks,1.  WB - MASTER - 2026.05.23.xlsx,COLLECT,460,extracted from workbook company-like table,unresolved
ITUB3,,Itau Unibanco,,,Financials,Banks,1.  WB - MASTER - 2026.05.23.xlsx,COLLECT,383,extracted from workbook company-like table,unresolved
IVL,,Indorama Ventures,,,Materials,Chemicals,1.  WB - MASTER - 2026.05.23.xlsx,COLLECT,664,extracted from workbook company-like table,unresolved
J,0000052988,Jacobs Engineering,,NYSE,Industrials,Construction & Engineering,1.  WB - MASTER - 2026.05.23.xlsx,COLLECT,362,extracted from workbook company-like table,resolved
JARD,,Jardine Matheson,,,Industrials,Industrial Conglomerates,1.  WB - MASTER - 2026.05.23.xlsx,COLLECT,622,extracted from workbook company-like table,unresolved
JCYC,,Jardine Cycle & Carriage,,,Industrials,Industrial Conglomerates,1.  WB - MASTER - 2026.05.23.xlsx,COLLECT,623,extracted from workbook company-like table,unresolved
JNJ,0000200406,Johnson & Johnson,,NYSE,Health Care,HC Equipment & Supplies,1.  WB - MASTER - 2026.05.23.xlsx,COLLECT,343,extracted from workbook company-like table,resolved
JPM,0000019617,JPMorgan Chase & Comopany,,NYSE,Financials,Banks,1.  WB - MASTER - 2026.05.23.xlsx,COLLECT,262,extracted from workbook company-like table,resolved
KBANK,,Kasikornbank,,,Financials,Banks,1.  WB - MASTER - 2026.05.23.xlsx,COLLECT,668,extracted from workbook company-like table,unresolved
KCHOL,,KOC Holding,,,Industrials,Industrial Conglomerates,1.  WB - MASTER - 2026.05.23.xlsx,COLLECT,455,extracted from workbook company-like table,unresolved
KGH,,KGHM Polska Miedz SA,,,Materials,Metals & Mining,1.  WB - MASTER - 2026.05.23.xlsx,COLLECT,430,extracted from workbook company-like table,unresolved
KLCC,,KLCC Property,,,Real Estate,Real Estate Management & Development,1.  WB - MASTER - 2026.05.23.xlsx,COLLECT,599,extracted from workbook company-like table,unresolved
KLKK,,Kuala Lumpur Kepong,,,Cons. Staples,Food Products,1.  WB - MASTER - 2026.05.23.xlsx,COLLECT,598,extracted from workbook company-like table,unresolved
KO,0000021344,Coca-Cola,,NYSE,Cons. Staples,Beverages,1.  WB - MASTER - 2026.05.23.xlsx,COLLECT,333,extracted from workbook company-like table,resolved
KPLM,,Keppel Corporation,,,Industrials,Industrial Conglomerates,1.  WB - MASTER - 2026.05.23.xlsx,COLLECT,624,extracted from workbook company-like table,unresolved
KRU,,Kruk SA,,,Financials,Diversified Financials Services,1.  WB - MASTER - 2026.05.23.xlsx,COLLECT,434,extracted from workbook company-like table,unresolved
LIN,0001707925,Linde plc,,Nasdaq,Materials,Chemicals,1.  WB - MASTER - 2026.05.23.xlsx,COLLECT,292,extracted from workbook company-like table,resolved
LKOH,,Lukoil,,,Energy,"Oil, Gas & Consumable Fuels",1.  WB - MASTER - 2026.05.23.xlsx,COLLECT,440,extracted from workbook company-like table,unresolved
LLOY,,Lloyds Banking Group,,,Financials,Banks,1.  WB - MASTER - 2026.05.23.xlsx,COLLECT,474,extracted from workbook company-like table,unresolved
LLY,0000059478,Eli Lilly & Co.,,NYSE,Health Care,Pharmaceuticals,1.  WB - MASTER - 2026.05.23.xlsx,COLLECT,347,extracted from workbook company-like table,resolved
LMT,0000936468,Lockheed Martin,,NYSE,Industrials,Aerospace & Defense,1.  WB - MASTER - 2026.05.23.xlsx,COLLECT,309,extracted from workbook company-like table,resolved
LONN,,Lonza Group AG,,,Materials,Chemicals,1.  WB - MASTER - 2026.05.23.xlsx,COLLECT,452,extracted from workbook company-like table,unresolved
LOW,0000060667,Lowe’s Cos.,,NYSE,Cons. Discretionary,Specialty Retail,1.  WB - MASTER - 2026.05.23.xlsx,COLLECT,320,extracted from workbook company-like table,resolved
LPPP,,LPP SA,,,Cons. Discretionary,Specialty Retail,1.  WB - MASTER - 2026.05.23.xlsx,COLLECT,432,extracted from workbook company-like table,unresolved
MA,0001141391,Mastercard,,NYSE,Financials,Financial Services,1.  WB - MASTER - 2026.05.23.xlsx,COLLECT,267,extracted from workbook company-like table,resolved
MACT,,Mapletree Industrial Trust,,,Real Estate,Industrial REITs,1.  WB - MASTER - 2026.05.23.xlsx,COLLECT,627,extracted from workbook company-like table,unresolved
MAHM,,Mahindra & Mahindra,,,Cons. Discretionary,Automobiles,1.  WB - MASTER - 2026.05.23.xlsx,COLLECT,550,extracted from workbook company-like table,unresolved
MAPI,,Mapletree Logistics Trust,,,Real Estate,Industrial REITs,1.  WB - MASTER - 2026.05.23.xlsx,COLLECT,628,extracted from workbook company-like table,unresolved
MBB,,Military Commercial Bank,,,Financials,Banks,1.  WB - MASTER - 2026.05.23.xlsx,COLLECT,677,extracted from workbook company-like table,unresolved
MBBM,,Malayan Banking BHD,,,Financials,Banks,1.  WB - MASTER - 2026.05.23.xlsx,COLLECT,593,extracted from workbook company-like table,unresolved
MBGN,,Mercedes-Benz Group AG,,,Cons. Discretionary,Automobiles,1.  WB - MASTER - 2026.05.23.xlsx,COLLECT,419,extracted from workbook company-like table,unresolved
MCD,0000063908,McDonalds,,NYSE,Cons. Discretionary,"Hotel, Restaurants & Leisure",1.  WB - MASTER - 2026.05.23.xlsx,COLLECT,321,extracted from workbook company-like table,resolved
MDLZ,0001103982,Mondelez International,,Nasdaq,Cons. Staples,Food Products,1.  WB - MASTER - 2026.05.23.xlsx,COLLECT,339,extracted from workbook company-like table,resolved
MER,,Manila Electric Company,,,Utilities,Electric Utilities,1.  WB - MASTER - 2026.05.23.xlsx,COLLECT,615,extracted from workbook company-like table,unresolved
META,0001326801,Meta,,Nasdaq,Comm Services,Interactive Media & Services,1.  WB - MASTER - 2026.05.23.xlsx,COLLECT,235,extracted from workbook company-like table,resolved
MG,0001436126,Magna International,,NYSE,Cons. Discretionary,Automotive Components,1.  WB - MASTER - 2026.05.23.xlsx,COLLECT,399,extracted from workbook company-like table,resolved
MLM,0000916076,Martin Marietta Materials,,NYSE,Materials,Construction Materials,1.  WB - MASTER - 2026.05.23.xlsx,COLLECT,288,extracted from workbook company-like table,resolved
MMM,0000066740,3M Company,,NYSE,Industrials,Industrial Conglomerates,1.  WB - MASTER - 2026.05.23.xlsx,COLLECT,312,extracted from workbook company-like table,resolved
MNST,0000865752,Monster Beverage Corp.,,Nasdaq,Cons. Staples,Beverages,1.  WB - MASTER - 2026.05.23.xlsx,COLLECT,335,extracted from workbook company-like table,resolved
MO,0000764180,Altria Group Inc.,,NYSE,Cons. Staples,Tobacco,1.  WB - MASTER - 2026.05.23.xlsx,COLLECT,338,extracted from workbook company-like table,resolved
MQG,,Macquarie Group,,,Financials,Capital Markets,1.  WB - MASTER - 2026.05.23.xlsx,COLLECT,487,extracted from workbook company-like table,unresolved
MRK,0000310158,Merck & Co.,,NYSE,Health Care,Pharmaceuticals,1.  WB - MASTER - 2026.05.23.xlsx,COLLECT,349,extracted from workbook company-like table,resolved
MSFT,0000789019,Microsoft,,Nasdaq,Information Tech.,IT Services,1.  WB - MASTER - 2026.05.23.xlsx,COLLECT,275,extracted from workbook company-like table,resolved
MSN,0000032621,Masan Group Corp,,NYSE,Cons. Staples,Food Products,1.  WB - MASTER - 2026.05.23.xlsx,COLLECT,700,extracted from workbook company-like table,resolved
MWG,0001941500,Mobile World Inv. Corp.,,NYSE,Cons. Discretionary,Specialty Retail,1.  WB - MASTER - 2026.05.23.xlsx,COLLECT,698,extracted from workbook company-like table,resolved
MYR.TON,,Palm Oil,,,Cons. Staples,Food Products,1.  WB - MASTER - 2026.05.23.xlsx,COLLECT,176,extracted from workbook company-like table,unresolved
NAB,,National Australia Bank Ltd.,,,Financials,Banks,1.  WB - MASTER - 2026.05.23.xlsx,COLLECT,481,extracted from workbook company-like table,unresolved
NEE,0000753308,NextEra Energy,,NYSE,Utilities,Electric Utilities,1.  WB - MASTER - 2026.05.23.xlsx,COLLECT,353,extracted from workbook company-like table,resolved
NEM,0001164727,Newmont Corp.,,NYSE,Materials,Metals & Mining,1.  WB - MASTER - 2026.05.23.xlsx,COLLECT,295,extracted from workbook company-like table,resolved
NESN,,Nestle SA,,,Cons. Staples,Food Products,1.  WB - MASTER - 2026.05.23.xlsx,COLLECT,445,extracted from workbook company-like table,unresolved
NFLX,0001065280,Netflix,,Nasdaq,Comm Services,Interactive Media & Services,1.  WB - MASTER - 2026.05.23.xlsx,COLLECT,236,extracted from workbook company-like table,resolved
NKE,0000320187,Nike,,NYSE,Cons. Discretionary,"Textiles, Apparel & Luxury",1.  WB - MASTER - 2026.05.23.xlsx,COLLECT,322,extracted from workbook company-like table,resolved
NOC,0001133421,Northrop Grumman Corp.,,NYSE,Industrials,Aerospace & Defense,1.  WB - MASTER - 2026.05.23.xlsx,COLLECT,310,extracted from workbook company-like table,resolved
NOK,0000924613,Salmon,,NYSE,Cons. Staples,Food Products,1.  WB - MASTER - 2026.05.23.xlsx,COLLECT,217,extracted from workbook company-like table,resolved
NOVN,,Novartis Int’l AG,,,Health care,Pharmaceuticals,1.  WB - MASTER - 2026.05.23.xlsx,COLLECT,447,extracted from workbook company-like table,unresolved
NUE,0000073309,Nucor,,NYSE,Materials,Metals & Mining,1.  WB - MASTER - 2026.05.23.xlsx,COLLECT,296,extracted from workbook company-like table,resolved
NVDA,0001045810,Nvidia,,Nasdaq,Information Tech.,Semiconductors & Eqpt,1.  WB - MASTER - 2026.05.23.xlsx,COLLECT,277,extracted from workbook company-like table,resolved
OCBC,,Oversea-Chinese,,,Financials,Banks,1.  WB - MASTER - 2026.05.23.xlsx,COLLECT,617,extracted from workbook company-like table,unresolved
OR,0001627272,PTT Oil & Retail,,NYSE,Energy,"Oil, Gas & Consumable Fuels",1.  WB - MASTER - 2026.05.23.xlsx,COLLECT,661,extracted from workbook company-like table,resolved
PCGB,,Petronas Chemicals,,,Materials,Chemicals,1.  WB - MASTER - 2026.05.23.xlsx,COLLECT,604,extracted from workbook company-like table,unresolved
PEO,0000216851,Bank Pekao,,NYSE,Financials,Banks,1.  WB - MASTER - 2026.05.23.xlsx,COLLECT,428,extracted from workbook company-like table,resolved
PEP,0000077476,Pepsi,,Nasdaq,Cons. Staples,Beverages,1.  WB - MASTER - 2026.05.23.xlsx,COLLECT,334,extracted from workbook company-like table,resolved
PETR4,,Petrobras Brasileiro,,,Energy,"Oil, Gas & Consumable Fuels",1.  WB - MASTER - 2026.05.23.xlsx,COLLECT,380,extracted from workbook company-like table,unresolved
PFE,0000078003,Pfizer,,NYSE,Health Care,Pharmaceuticals,1.  WB - MASTER - 2026.05.23.xlsx,COLLECT,348,extracted from workbook company-like table,resolved
PG,0000080424,Procter & Gamble,,NYSE,Cons. Staples,Household Products,1.  WB - MASTER - 2026.05.23.xlsx,COLLECT,328,extracted from workbook company-like table,resolved
PGAS,,Petronas Gas Berhad,,,Utilities,Gas Utilities,1.  WB - MASTER - 2026.05.23.xlsx,COLLECT,603,extracted from workbook company-like table,unresolved
PKN,,Orlen SA,,,Energy,"Oil, Gas & Consumable Fuels",1.  WB - MASTER - 2026.05.23.xlsx,COLLECT,425,extracted from workbook company-like table,unresolved
PKO,,Bank Polski,,,Financials,Banks,1.  WB - MASTER - 2026.05.23.xlsx,COLLECT,426,extracted from workbook company-like table,unresolved
PLD,0001045609,"Prologis, Inc.",,NYSE,Real Estate,Industrial REITs,1.  WB - MASTER - 2026.05.23.xlsx,COLLECT,248,extracted from workbook company-like table,resolved
PLX,0001006281,Vietnam National Petroleum,,NYSE,Energy,"Oil, Gas & Consumable Fuels",1.  WB - MASTER - 2026.05.23.xlsx,COLLECT,692,extracted from workbook company-like table,resolved
PLZL,,Polyus PAO,,,Materials,Metals & Mining,1.  WB - MASTER - 2026.05.23.xlsx,COLLECT,437,extracted from workbook company-like table,unresolved
PM,0001413329,Philip Morris Int’l,,NYSE,Cons. Staples,Tobacco,1.  WB - MASTER - 2026.05.23.xlsx,COLLECT,337,extracted from workbook company-like table,resolved
PMET,,Press Metal Aluminum Hldgs Bhd,,,Materials,Metals & Mining,1.  WB - MASTER - 2026.05.23.xlsx,COLLECT,602,extracted from workbook company-like table,unresolved
POW,,Petrovietnam Power,,,Utilities,Independent Power and Renewable Electricity Producers,1.  WB - MASTER - 2026.05.23.xlsx,COLLECT,703,extracted from workbook company-like table,unresolved
PPG,0000079879,PPG Industries,,NYSE,Materials,Chemicals,1.  WB - MASTER - 2026.05.23.xlsx,COLLECT,287,extracted from workbook company-like table,resolved
PSA,0001393311,Public Storage,,NYSE,Real Estate,Specialized REITs,1.  WB - MASTER - 2026.05.23.xlsx,COLLECT,251,extracted from workbook company-like table,resolved
PTT,,PTT (SOE),,,Energy,"Oil, Gas & Consumable Fuels",1.  WB - MASTER - 2026.05.23.xlsx,COLLECT,659,extracted from workbook company-like table,unresolved
PTTEP,,PTT Exploration & Production,,,Energy,"Oil, Gas & Consumable Fuels",1.  WB - MASTER - 2026.05.23.xlsx,COLLECT,667,extracted from workbook company-like table,unresolved
PTTGC,,PTT Global Chemical,,,Materials,Chemicals,1.  WB - MASTER - 2026.05.23.xlsx,COLLECT,663,extracted from workbook company-like table,unresolved
PUBM,0001422930,Public Bank BHD,,Nasdaq,Financials,Banks,1.  WB - MASTER - 2026.05.23.xlsx,COLLECT,594,extracted from workbook company-like table,resolved
RELI,,Reliance Industries,,,Energy,"Oil, Gas & Consumable Fuels",1.  WB - MASTER - 2026.05.23.xlsx,COLLECT,549,extracted from workbook company-like table,unresolved
RIO,0000863064,Rio Tinto,,NYSE,Materials,Metals & Mining,1.  WB - MASTER - 2026.05.23.xlsx,COLLECT,485,extracted from workbook company-like table,resolved
RO,,Roche Holding AG,,,Health care,Pharmaceuticals,1.  WB - MASTER - 2026.05.23.xlsx,COLLECT,446,extracted from workbook company-like table,unresolved
ROSN,,Rosneft,,,Energy,"Oil, Gas & Consumable Fuels",1.  WB - MASTER - 2026.05.23.xlsx,COLLECT,442,extracted from workbook company-like table,unresolved
RTX,0000101829,RTX Corporation,,NYSE,Industrials,Aerospace & Defense,1.  WB - MASTER - 2026.05.23.xlsx,COLLECT,308,extracted from workbook company-like table,resolved
RY,0001000275,Royal Bank of Canada,,NYSE,Financials,Banks,1.  WB - MASTER - 2026.05.23.xlsx,COLLECT,390,extracted from workbook company-like table,resolved
SAB,,Saigon Beer Alcohol Beverage,,,Cons. Staples,Beverages,1.  WB - MASTER - 2026.05.23.xlsx,COLLECT,702,extracted from workbook company-like table,unresolved
SAHOL,,Sabanci Holding,,,Financials,Banks,1.  WB - MASTER - 2026.05.23.xlsx,COLLECT,458,extracted from workbook company-like table,unresolved
SAPG,,SAP SE,,,Information Tech.,Software,1.  WB - MASTER - 2026.05.23.xlsx,COLLECT,415,extracted from workbook company-like table,unresolved
SBER,,SBERBank,,,Financials,Banks,1.  WB - MASTER - 2026.05.23.xlsx,COLLECT,444,extracted from workbook company-like table,unresolved
SBI,0000882300,State Bank of India,,NYSE,Financials,Banks,1.  WB - MASTER - 2026.05.23.xlsx,COLLECT,548,extracted from workbook company-like table,resolved
SBUX,0000829224,Starbucks Corp.,,Nasdaq,Cons. Discretionary,"Hotel, Restaurants & Leisure",1.  WB - MASTER - 2026.05.23.xlsx,COLLECT,325,extracted from workbook company-like table,resolved
SCB,,SCB X,,,Financials,Banks,1.  WB - MASTER - 2026.05.23.xlsx,COLLECT,672,extracted from workbook company-like table,unresolved
SCC,,Siam Cement,,,Materials,Construction Materials,1.  WB - MASTER - 2026.05.23.xlsx,COLLECT,665,extracted from workbook company-like table,unresolved
SCHW,0000316709,Charles Schwab,,NYSE,Financials,Capital Markets,1.  WB - MASTER - 2026.05.23.xlsx,COLLECT,268,extracted from workbook company-like table,resolved
SCIL,,Sembcorp Industries,,,Utilities,Independent Power Producers & Energy Traders,1.  WB - MASTER - 2026.05.23.xlsx,COLLECT,626,extracted from workbook company-like table,unresolved
SHB,,Sai Gon Ha Noi Commercial JS Bank (SHB),,,Financials,Banks,1.  WB - MASTER - 2026.05.23.xlsx,COLLECT,685,extracted from workbook company-like table,unresolved
SHELI,,Shell,,,Energy,"Oil, Gas & Consumable Fuels",1.  WB - MASTER - 2026.05.23.xlsx,COLLECT,465,extracted from workbook company-like table,unresolved
SHW,0000089800,Sherwin-Williams,,NYSE,Materials,Chemicals,1.  WB - MASTER - 2026.05.23.xlsx,COLLECT,291,extracted from workbook company-like table,resolved
SIAL,,Singapore Airlines,,,Industrials,Passenger Airlines,1.  WB - MASTER - 2026.05.23.xlsx,COLLECT,621,extracted from workbook company-like table,unresolved
SIEGN,,Siemens AG,,,Industrials,Industrial Conglomerates,1.  WB - MASTER - 2026.05.23.xlsx,COLLECT,416,extracted from workbook company-like table,unresolved
SIKA,,Sika AG,,,Materials,Chemicals,1.  WB - MASTER - 2026.05.23.xlsx,COLLECT,453,extracted from workbook company-like table,unresolved
SJS,,Song Da Urban & Ind. Zone,,,Real Estate,Real Estate Management & Development,1.  WB - MASTER - 2026.05.23.xlsx,COLLECT,690,extracted from workbook company-like table,unresolved
SLB,0000087347,Schlumberger NV,,NYSE,Energy,Energy Equipment & Services,1.  WB - MASTER - 2026.05.23.xlsx,COLLECT,257,extracted from workbook company-like table,resolved
SM,0000893538,SM Investments Corp.,,NYSE,Financials,Diversified Financial Services,1.  WB - MASTER - 2026.05.23.xlsx,COLLECT,606,extracted from workbook company-like table,resolved
SMC,0002024218,San Miguel Corporation,,NYSE,Cons. Staples,Beverages,1.  WB - MASTER - 2026.05.23.xlsx,COLLECT,613,extracted from workbook company-like table,resolved
SMPH,,SM Prime Holdings,,,Real Estate,Real Estate Management & Development,1.  WB - MASTER - 2026.05.23.xlsx,COLLECT,607,extracted from workbook company-like table,unresolved
SNGS,,Surgutneftegaz PAO,,,Energy,"Oil, Gas & Consumable Fuels",1.  WB - MASTER - 2026.05.23.xlsx,COLLECT,443,extracted from workbook company-like table,unresolved
SO,0000092122,Southern Company,,NYSE,Utilities,Electric Utilities,1.  WB - MASTER - 2026.05.23.xlsx,COLLECT,356,extracted from workbook company-like table,resolved
SPG,0001063761,Simon Property Group.,,NYSE,Real Estate,Retail REITs,1.  WB - MASTER - 2026.05.23.xlsx,COLLECT,246,extracted from workbook company-like table,resolved
SRE,0001032208,Sempra,,NYSE,Utilities,Electric Utilities,1.  WB - MASTER - 2026.05.23.xlsx,COLLECT,357,extracted from workbook company-like table,resolved
SSB,0000764038,Southeast Asia Comm. JS Bank,,NYSE,Financials,Banks,1.  WB - MASTER - 2026.05.23.xlsx,COLLECT,680,extracted from workbook company-like table,resolved
SSI,,SSI Securities,,,Financials,Capital Markets,1.  WB - MASTER - 2026.05.23.xlsx,COLLECT,686,extracted from workbook company-like table,unresolved
STB,,Sai Gon Thuong Tin Comm. JS Bank,,,Financials,Banks,1.  WB - MASTER - 2026.05.23.xlsx,COLLECT,681,extracted from workbook company-like table,unresolved
STEG,,ST Engineering,,,Industrials,Aerospace & Defense,1.  WB - MASTER - 2026.05.23.xlsx,COLLECT,625,extracted from workbook company-like table,unresolved
STEL,0001473844,Singapore Telecom,,NYSE,Comm Services,Diversified Telecommunication Services,1.  WB - MASTER - 2026.05.23.xlsx,COLLECT,619,extracted from workbook company-like table,resolved
STZ,0000016918,Constellation Brands,,NYSE,Cons. Staples,Beverages,1.  WB - MASTER - 2026.05.23.xlsx,COLLECT,336,extracted from workbook company-like table,resolved
SU,0000311337,Suncor Energy,,NYSE,Energy,"Oil, Gas & Consumable Fuels",1.  WB - MASTER - 2026.05.23.xlsx,COLLECT,397,extracted from workbook company-like table,resolved
SUZB3,,Suzano Papel Celulose,,,Materials,Paper & Forest Products,1.  WB - MASTER - 2026.05.23.xlsx,COLLECT,387,extracted from workbook company-like table,unresolved
TAMO,,Tata Motors,,,Cons. Discretionary,Automobiles,1.  WB - MASTER - 2026.05.23.xlsx,COLLECT,551,extracted from workbook company-like table,unresolved
TATN,,Tatneft PAO,,,Energy,"Oil, Gas & Consumable Fuels",1.  WB - MASTER - 2026.05.23.xlsx,COLLECT,436,extracted from workbook company-like table,unresolved
TCB,,Techcombank,,,Financials,Banks,1.  WB - MASTER - 2026.05.23.xlsx,COLLECT,676,extracted from workbook company-like table,unresolved
TCELL,,Turkcell,,,Comm Services,Wireless,1.  WB - MASTER - 2026.05.23.xlsx,COLLECT,464,extracted from workbook company-like table,unresolved
TCS,,TCS (Tata),,,Information Tech.,IT Services,1.  WB - MASTER - 2026.05.23.xlsx,COLLECT,553,extracted from workbook company-like table,unresolved
TD,0000947263,Toronto-Dominion Bank,,NYSE,Financials,Banks,1.  WB - MASTER - 2026.05.23.xlsx,COLLECT,391,extracted from workbook company-like table,resolved
TENA,,Tenaga Nasional BHD,,,Financials,Banks,1.  WB - MASTER - 2026.05.23.xlsx,COLLECT,595,extracted from workbook company-like table,unresolved
TEX,0000097216,Terex,,NYSE,Industrials,Machinery,1.  WB - MASTER - 2026.05.23.xlsx,COLLECT,369,extracted from workbook company-like table,resolved
TGT,0000027419,Target,,NYSE,Cons. Staples,Cons. Staples Distr. & Retail,1.  WB - MASTER - 2026.05.23.xlsx,COLLECT,331,extracted from workbook company-like table,resolved
THYAO,,Turk Hava Yollari,,,Industrials,Airlines,1.  WB - MASTER - 2026.05.23.xlsx,COLLECT,457,extracted from workbook company-like table,unresolved
TISC,,Tata Steel,,,Materials,Metals & Mining,1.  WB - MASTER - 2026.05.23.xlsx,COLLECT,552,extracted from workbook company-like table,unresolved
TITN,0001409171,Titan Company,,Nasdaq,Cons. Discretionary,"Textiles, Apparel & Luxury Goods",1.  WB - MASTER - 2026.05.23.xlsx,COLLECT,557,extracted from workbook company-like table,resolved
TJX,0000109198,TJX Cos. Inc.,,NYSE,Cons. Discretionary,Specialty Retail,1.  WB - MASTER - 2026.05.23.xlsx,COLLECT,326,extracted from workbook company-like table,resolved
TLKM,,Telekom Indonesia,,,Comm Services,Diversified Telecom Services,1.  WB - MASTER - 2026.05.23.xlsx,COLLECT,565,extracted from workbook company-like table,unresolved
TLMM,,Telekom Malaysia Bhd,,,Comm Services,Diversified Telecommunication Services,1.  WB - MASTER - 2026.05.23.xlsx,COLLECT,601,extracted from workbook company-like table,unresolved
TMO,0000097745,Thermo Fisher Scientific,,NYSE,Health Care,HC Equipment & Supplies,1.  WB - MASTER - 2026.05.23.xlsx,COLLECT,345,extracted from workbook company-like table,resolved
TMUS,0001283699,T-Mobile,,Nasdaq,Comm Services,Wireless,1.  WB - MASTER - 2026.05.23.xlsx,COLLECT,240,extracted from workbook company-like table,resolved
TOP,0001848275,Thai Oil Public Co. Ltd.,,Nasdaq,Energy,"Oil, Gas & Consumable Fuels",1.  WB - MASTER - 2026.05.23.xlsx,COLLECT,666,extracted from workbook company-like table,resolved
TPB,0001290677,Tien Phong Commercial,,NYSE,Financials,Banks,1.  WB - MASTER - 2026.05.23.xlsx,COLLECT,684,extracted from workbook company-like table,resolved
TSLA,0001318605,"Tesla, Inc.",,Nasdaq,Cons. Discretionary,Automobiles,1.  WB - MASTER - 2026.05.23.xlsx,COLLECT,318,extracted from workbook company-like table,resolved
TUPRS,,Tupras,,,Energy,"Oil, Gas & Consumable Fuels",1.  WB - MASTER - 2026.05.23.xlsx,COLLECT,456,extracted from workbook company-like table,unresolved
UAL,0000100517,United,,Nasdaq,Industrials,Passenger Airlines,1.  WB - MASTER - 2026.05.23.xlsx,COLLECT,371,extracted from workbook company-like table,resolved
UBER,0001543151,Uber Technologies,,NYSE,Industrials,Ground Transportation,1.  WB - MASTER - 2026.05.23.xlsx,COLLECT,307,extracted from workbook company-like table,resolved
UNH,0000731766,UnitedHealth Group,,NYSE,Health Care,HC Providers & Services,1.  WB - MASTER - 2026.05.23.xlsx,COLLECT,342,extracted from workbook company-like table,resolved
UNP,0000100885,Union Pacific Corp.,,NYSE,Industrials,Ground Transportation,1.  WB - MASTER - 2026.05.23.xlsx,COLLECT,300,extracted from workbook company-like table,resolved
UNTR,,United Tractors,,,Industrials,Machinery,1.  WB - MASTER - 2026.05.23.xlsx,COLLECT,564,extracted from workbook company-like table,unresolved
UOBH,,United Overseas Bank,,,Financials,Banks,1.  WB - MASTER - 2026.05.23.xlsx,COLLECT,618,extracted from workbook company-like table,unresolved
UPS,0001090727,United Parcel Service Inc. B,,NYSE,Industrials,Air Freight & Logistics,1.  WB - MASTER - 2026.05.23.xlsx,COLLECT,298,extracted from workbook company-like table,resolved
URI,0001067701,United Rentals,,NYSE,Industrials,Trading Co. & Distributors,1.  WB - MASTER - 2026.05.23.xlsx,COLLECT,368,extracted from workbook company-like table,resolved
USD.BBL,,Crude Oil,,,Energy,--,1.  WB - MASTER - 2026.05.23.xlsx,COLLECT,144,extracted from workbook company-like table,unresolved
USD.CWT,,Milk,,,Cons. Staples,Food Products,1.  WB - MASTER - 2026.05.23.xlsx,COLLECT,178,extracted from workbook company-like table,unresolved
USD.GAL,,Gasoline,,,Energy,--,1.  WB - MASTER - 2026.05.23.xlsx,COLLECT,147,extracted from workbook company-like table,unresolved
USD.KG,,Titanium,,,Materials,Metals & Mining,1.  WB - MASTER - 2026.05.23.xlsx,COLLECT,169,extracted from workbook company-like table,unresolved
USD.LBS,,Uranium,,,Energy,--,1.  WB - MASTER - 2026.05.23.xlsx,COLLECT,155,extracted from workbook company-like table,unresolved
USD.MMBTU,,Natural gas,,,Energy,--,1.  WB - MASTER - 2026.05.23.xlsx,COLLECT,146,extracted from workbook company-like table,unresolved
USD.T,,Naphtha,,,Energy,--,1.  WB - MASTER - 2026.05.23.xlsx,COLLECT,153,extracted from workbook company-like table,unresolved
USD.TON,,HRC Steel,,,Materials,Metals & Mining,1.  WB - MASTER - 2026.05.23.xlsx,COLLECT,167,extracted from workbook company-like table,unresolved
V,0001403161,Visa,,NYSE,Financials,Financial Services,1.  WB - MASTER - 2026.05.23.xlsx,COLLECT,266,extracted from workbook company-like table,resolved
VAKBN,,Vakiflar Bankasi,,,Financials,Banks,1.  WB - MASTER - 2026.05.23.xlsx,COLLECT,459,extracted from workbook company-like table,unresolved
VALE3,,Vale SA ADR,,,Materials,Metals & Mining,1.  WB - MASTER - 2026.05.23.xlsx,COLLECT,382,extracted from workbook company-like table,unresolved
VCB,,Vietcombank,,,Financials,Banks,1.  WB - MASTER - 2026.05.23.xlsx,COLLECT,673,extracted from workbook company-like table,unresolved
VHM,,Vinhomes,,,Real Estate,Real Estate Management & Development,1.  WB - MASTER - 2026.05.23.xlsx,COLLECT,688,extracted from workbook company-like table,unresolved
VIB,,Viet Nam Int’l Comm. JS Bank,,,Financials,Banks,1.  WB - MASTER - 2026.05.23.xlsx,COLLECT,683,extracted from workbook company-like table,unresolved
VIC,,Vingroup JSC,,,Real Estate,Real Estate Management & Development,1.  WB - MASTER - 2026.05.23.xlsx,COLLECT,689,extracted from workbook company-like table,unresolved
VJC,,Vietjet Aviation,,,Industrials,Passenger Airlines,1.  WB - MASTER - 2026.05.23.xlsx,COLLECT,696,extracted from workbook company-like table,unresolved
VMC,0001396009,Vulcan Materials,,NYSE,Materials,Construction Materials,1.  WB - MASTER - 2026.05.23.xlsx,COLLECT,289,extracted from workbook company-like table,resolved
VNM,,Vinamilk,,,Cons. Staples,Food Products,1.  WB - MASTER - 2026.05.23.xlsx,COLLECT,701,extracted from workbook company-like table,unresolved
VPB,,Vietnam Prosperity,,,Financials,Banks,1.  WB - MASTER - 2026.05.23.xlsx,COLLECT,678,extracted from workbook company-like table,unresolved
VRE,0000924901,Vincom Retail,,NYSE,Real Estate,Real Estate Management & Development,1.  WB - MASTER - 2026.05.23.xlsx,COLLECT,699,extracted from workbook company-like table,resolved
VZ,0000732712,Verizon,,NYSE,Comm Services,Wireless,1.  WB - MASTER - 2026.05.23.xlsx,COLLECT,242,extracted from workbook company-like table,resolved
WALMEX,,Walmart de Mexico SAB de CV B,,,Cons. Staples,Cons. Staples Distr. & Retail,1.  WB - MASTER - 2026.05.23.xlsx,COLLECT,404,extracted from workbook company-like table,unresolved
WBC,,Westpac Banking,,,Financials,Banks,1.  WB - MASTER - 2026.05.23.xlsx,COLLECT,483,extracted from workbook company-like table,unresolved
WDS,0000844551,Woodside Energy Group Ltd.,,NYSE,Energy,"Oil, Gas & Consumable Fuels",1.  WB - MASTER - 2026.05.23.xlsx,COLLECT,486,extracted from workbook company-like table,resolved
WELL,0000766704,Welltower Inc.,,NYSE,Real Estate,Health Care REITs,1.  WB - MASTER - 2026.05.23.xlsx,COLLECT,250,extracted from workbook company-like table,resolved
WES,0001423902,Wesfarmers Ltd,,NYSE,Cons. Discretionary,Broadline Retail,1.  WB - MASTER - 2026.05.23.xlsx,COLLECT,488,extracted from workbook company-like table,resolved
WFC,0000072971,Wells Fargo & Company,,NYSE,Financials,Banks,1.  WB - MASTER - 2026.05.23.xlsx,COLLECT,264,extracted from workbook company-like table,resolved
WIPR,,Wipro,,,Information Tech.,IT Services,1.  WB - MASTER - 2026.05.23.xlsx,COLLECT,555,extracted from workbook company-like table,unresolved
WLIL,,Wilmar International,,,Cons. Staples,Food Products,1.  WB - MASTER - 2026.05.23.xlsx,COLLECT,620,extracted from workbook company-like table,unresolved
WM,0000823768,Waste Management,,NYSE,Industrials,Commercial Services & Supplies,1.  WB - MASTER - 2026.05.23.xlsx,COLLECT,313,extracted from workbook company-like table,resolved
WMT,0000104169,Walmart,,Nasdaq,Cons. Staples,Cons. Staples Distr. & Retail,1.  WB - MASTER - 2026.05.23.xlsx,COLLECT,332,extracted from workbook company-like table,resolved
WOR,0000108516,Worley Ltd,,NYSE,Industrials,Construction & Engineering,1.  WB - MASTER - 2026.05.23.xlsx,COLLECT,365,extracted from workbook company-like table,resolved
WOW,,Woolworths Group Ltd,,,Cons. Staples,Food & Staples Retailing,1.  WB - MASTER - 2026.05.23.xlsx,COLLECT,489,extracted from workbook company-like table,unresolved
XOM,0000034088,Exxon Mobil,,NYSE,Energy,"Oil, Gas & Consumable Fuels",1.  WB - MASTER - 2026.05.23.xlsx,COLLECT,253,extracted from workbook company-like table,resolved
ZURN,,Zurich Insurance Gp AG,,,Financials,Insurance,1.  WB - MASTER - 2026.05.23.xlsx,COLLECT,449,extracted from workbook company-like table,unresolved
